timestamp,user_id,stage,duration_sec,extra
2026-06-04 08:06:13,server,stt,0.674514,
2026-06-04 08:06:13,lynch,node_memory,0.001970,
2026-06-04 08:06:13,lynch,node_prompt_builder,0.000005,
2026-06-04 08:06:52,gateway,vllm,39.063505,model=mistralai/Ministral-3-14B-Reasoning-2512
2026-06-04 08:07:12,gateway,gateway_total,59.092314,
2026-06-04 08:07:12,lynch,llm_node,59.109687,model=mistralai/Ministral-3-14B-Reasoning-2512
2026-06-04 08:07:12,lynch,node_llm,59.110176,
2026-06-04 08:07:12,lynch,write_turn,0.003253,
2026-06-04 08:07:12,lynch,node_write_turn,0.003359,
2026-06-04 08:07:12,lynch,graph_total,59.118700,
2026-06-04 08:07:12,lynch,langgraph_outer,59.119976,
2026-06-04 08:08:29,server,tts,76.715749,
2026-06-04 08:08:29,lynch,langgraph_outer,135.836463,
2026-06-04 08:08:30,lynch,ws_send,1.366336,
2026-06-04 08:08:30,lynch,round_trip,137.877955,
2026-06-04 09:02:09,server,stt,1.108203,
2026-06-04 09:02:17,server,tts,6.324811,
2026-06-04 09:02:17,gateway,vllm_stream,7.776300,
2026-06-04 09:02:21,server,tts,3.950810,
2026-06-04 09:02:26,server,tts,5.492357,
2026-06-04 09:02:26,lynch,llm_tts_stream,17.093790,
2026-06-04 09:02:26,lynch,round_trip,18.202710,
2026-06-04 09:02:37,server,stt,0.112477,
2026-06-04 09:02:47,gateway,vllm_stream,9.804408,
2026-06-04 09:02:48,server,tts,10.140238,
2026-06-04 09:02:51,server,tts,2.979176,
2026-06-04 09:02:55,server,tts,4.189389,
2026-06-04 09:02:58,server,tts,2.429235,
2026-06-04 09:03:00,server,tts,2.251351,
2026-06-04 09:03:00,lynch,llm_tts_stream,22.328907,
2026-06-04 09:03:00,lynch,round_trip,22.441936,
2026-06-04 09:03:09,server,stt,0.166243,
2026-06-04 09:03:21,gateway,vllm_stream,12.016155,
2026-06-04 09:03:22,server,tts,11.199460,
2026-06-04 09:03:26,server,tts,3.649721,
2026-06-04 09:03:31,server,tts,5.060873,
2026-06-04 09:03:34,server,tts,2.973594,
2026-06-04 09:03:38,server,tts,4.386048,
2026-06-04 09:03:38,lynch,llm_tts_stream,28.655867,
2026-06-04 09:03:38,lynch,round_trip,28.822617,
2026-06-04 09:03:44,server,stt,0.129409,
2026-06-04 09:04:01,server,tts,14.769497,
2026-06-04 09:04:18,server,tts,16.392104,
2026-06-04 09:04:34,server,tts,16.270248,
2026-06-04 09:04:47,server,tts,13.015918,
2026-06-04 09:05:15,server,tts,27.794914,
2026-06-04 09:05:27,server,tts,11.622023,
2026-06-04 09:05:40,gateway,vllm_stream,115.552980,
2026-06-04 09:05:41,server,tts,14.196633,
2026-06-04 09:05:47,server,tts,5.904526,
2026-06-04 09:05:53,server,tts,6.297853,
2026-06-04 09:05:59,server,tts,5.452819,
2026-06-04 09:06:15,server,tts,16.669193,
2026-06-04 09:06:21,server,tts,5.590745,
2026-06-04 09:06:28,server,tts,6.499232,
2026-06-04 09:06:35,server,tts,6.783394,
2026-06-04 09:11:43,server,stt,0.187892,
2026-06-04 09:11:52,server,tts,7.098439,
2026-06-04 09:12:01,server,tts,9.030708,
2026-06-04 09:12:11,server,tts,9.590268,
2026-06-04 09:12:18,server,tts,6.918350,
2026-06-04 09:12:24,server,tts,6.232591,
2026-06-04 09:12:40,server,tts,15.777773,
2026-06-04 09:12:49,server,tts,9.648482,
2026-06-04 09:13:00,server,tts,10.599795,
2026-06-04 09:13:11,server,tts,11.084299,
2026-06-04 09:13:20,server,tts,9.180009,
2026-06-04 09:13:30,server,tts,10.033640,
2026-06-04 09:13:36,server,tts,5.199989,
2026-06-04 09:13:39,server,tts,3.836219,
2026-06-04 09:13:40,gateway,vllm_stream,116.939713,
2026-06-04 09:13:43,server,tts,3.905929,
2026-06-04 09:13:46,server,tts,2.510078,
2026-06-04 09:13:48,server,tts,1.955445,
2026-06-04 09:13:51,server,tts,2.887189,
2026-06-04 09:13:53,server,tts,2.096541,
2026-06-04 09:13:56,server,tts,3.635120,
2026-06-04 09:14:03,server,tts,6.522744,
2026-06-04 09:14:08,server,tts,5.212926,
2026-06-04 09:14:12,server,tts,4.027174,
2026-06-04 09:14:17,server,tts,4.845611,
2026-06-04 09:14:23,server,tts,6.049278,
2026-06-04 09:14:25,server,tts,1.916386,
2026-06-04 09:14:33,server,tts,7.855244,
2026-06-04 09:14:37,server,tts,4.251861,
2026-06-04 09:14:42,server,tts,4.765208,
2026-06-04 09:14:47,server,tts,5.527997,
2026-06-04 09:14:49,server,tts,1.802268,
2026-06-04 09:14:55,server,tts,5.300024,
2026-06-04 09:14:57,server,tts,2.441244,
2026-06-04 09:15:02,server,tts,4.730539,
2026-06-04 09:15:06,server,tts,4.035408,
2026-06-04 09:15:13,server,tts,7.001555,
2026-06-04 09:15:17,server,tts,4.398482,
2026-06-04 09:15:23,server,tts,5.452944,
2026-06-04 09:15:26,server,tts,2.972280,
2026-06-04 09:15:30,server,tts,4.421154,
2026-06-04 09:15:35,server,tts,4.940890,
2026-06-04 09:15:39,server,tts,4.258723,
2026-06-04 09:15:45,server,tts,5.649876,
2026-06-04 09:15:52,server,tts,6.464027,
2026-06-04 09:16:05,server,tts,13.488997,
2026-06-04 09:16:11,server,tts,5.652976,
2026-06-04 09:16:17,server,tts,6.271259,
2026-06-04 09:16:21,server,tts,4.093792,
2026-06-04 09:16:28,server,tts,6.330913,
2026-06-04 09:16:33,server,tts,5.518310,
2026-06-04 09:16:39,server,tts,5.792450,
2026-06-04 09:16:42,server,tts,2.828403,
2026-06-04 09:16:49,server,tts,7.300756,
2026-06-04 09:16:54,server,tts,4.759308,
2026-06-04 09:16:58,server,tts,3.668705,
2026-06-04 09:17:03,server,tts,5.606069,
2026-06-04 09:17:03,lynch,llm_tts_stream,319.970883,
2026-06-04 09:17:06,server,tts,3.078474,
2026-06-04 09:17:06,lynch,round_trip,323.244505,
2026-06-04 09:23:32,server,stt,0.786968,
2026-06-04 09:23:33,gateway,vllm_stream,1.025827,
2026-06-04 09:23:34,server,tts,1.744219,
2026-06-04 09:23:34,lynch,llm_tts_stream,2.592222,
2026-06-04 09:23:34,lynch,round_trip,3.379605,
2026-06-04 09:23:34,server,stt,0.110973,
2026-06-04 09:23:43,server,tts,7.286662,
2026-06-08 12:35:17,server,stt,0.716356,
2026-06-08 12:36:16,gateway,vllm_stream,59.016644,
2026-06-08 12:36:16,lynch,llm_tts_stream,59.043572,
2026-06-08 12:36:16,lynch,round_trip,59.776497,
2026-06-08 12:36:50,server,stt,0.120946,
2026-06-08 12:36:56,gateway,vllm_stream,5.162854,
2026-06-08 12:36:56,lynch,llm_tts_stream,5.190497,
2026-06-08 12:36:56,lynch,round_trip,5.312109,
2026-06-08 12:36:56,server,stt,0.130479,
2026-06-08 12:37:01,gateway,vllm_stream,5.587428,
2026-06-08 12:37:01,lynch,llm_tts_stream,5.603256,
2026-06-08 12:37:01,lynch,round_trip,5.734387,
2026-06-08 12:37:01,server,stt,0.158947,
2026-06-08 12:37:11,gateway,vllm_stream,9.802379,
2026-06-08 12:37:11,lynch,llm_tts_stream,9.828406,
2026-06-08 12:37:11,lynch,round_trip,9.988126,
2026-06-08 12:37:11,server,stt,0.162348,
2026-06-08 12:37:21,gateway,vllm_stream,9.914528,
2026-06-08 12:37:21,lynch,llm_tts_stream,9.940315,
2026-06-08 12:37:21,lynch,round_trip,10.103379,
2026-06-09 07:28:54,server,stt,0.909627,
2026-06-09 07:29:05,gateway,vllm_stream,10.299537,
2026-06-09 07:29:05,lynch,llm_tts_stream,10.326495,
2026-06-09 07:29:05,lynch,round_trip,11.236974,
2026-06-09 07:30:56,server,stt,1.378005,
2026-06-09 07:31:02,gateway,vllm_stream,6.051219,
2026-06-09 07:31:02,lynch,llm_tts_stream,6.067551,
2026-06-09 07:31:02,lynch,round_trip,7.465555,
2026-06-09 07:32:16,server,stt,0.070214,
2026-06-09 07:32:25,gateway,vllm_stream,9.203321,
2026-06-09 07:32:25,lynch,llm_tts_stream,9.219324,
2026-06-09 07:32:25,lynch,round_trip,9.308680,
2026-06-09 07:32:55,server,stt,0.140329,
2026-06-09 07:56:02,server,stt,0.092311,
2026-06-09 07:56:18,gateway,vllm_stream,15.896972,
2026-06-09 07:56:18,lynch,llm_tts_stream,15.913586,
2026-06-09 07:56:18,lynch,round_trip,16.035318,
2026-06-09 07:57:34,server,stt,0.113485,
2026-06-09 07:58:02,gateway,vllm_stream,27.340073,
2026-06-09 07:58:02,lynch,llm_tts_stream,27.367692,
2026-06-09 07:58:02,lynch,round_trip,27.508861,
2026-06-09 07:58:28,server,stt,0.070260,
2026-06-09 07:58:32,gateway,vllm_stream,4.229380,
2026-06-09 07:58:32,lynch,llm_tts_stream,4.245624,
2026-06-09 07:58:32,lynch,round_trip,4.316398,
2026-06-09 07:58:32,server,stt,0.152249,
2026-06-09 08:03:30,server,stt,0.601287,
2026-06-09 08:03:33,gateway,vllm_stream,2.619691,
2026-06-09 08:03:33,lynch,llm_tts_stream,2.647322,
2026-06-09 08:03:33,lynch,round_trip,3.249835,
2026-06-09 08:04:07,server,stt,0.100030,
2026-06-09 08:04:11,gateway,vllm_stream,4.332680,
2026-06-09 08:04:11,lynch,llm_tts_stream,4.349028,
2026-06-09 08:04:11,lynch,round_trip,4.449932,
2026-06-09 08:04:22,server,stt,0.079467,
2026-06-09 08:06:30,server,stt,0.099166,
2026-06-09 08:06:37,gateway,vllm_stream,6.296655,
2026-06-09 08:06:37,lynch,llm_tts_stream,6.323613,
2026-06-09 08:06:37,lynch,round_trip,6.452537,
2026-06-09 08:07:32,server,stt,0.084363,
